date,om_temperature,om_precipitation,om_wind_speed,nasa_temperature,nasa_precipitation,nasa_relative_humidity,nasa_wind_speed
2025-01-01,0.4,0.9,22.7,-3.24,0.1,96.66,4.45
2025-01-02,-0.0,0.0,17.1,-3.07,0.02,92.68,2.85
2025-01-03,1.6,0.0,15.8,-2.68,0.02,96.35,3.51
2025-01-04,-0.4,0.0,12.5,-2.15,0.04,94.51,3.22
2025-01-05,0.3,0.0,13.5,-3.2,0.02,94.97,2.54
2025-01-06,-0.9,3.2,9.7,-5.49,2.2,98.73,1.31
2025-01-07,-5.7,0.0,21.8,-8.22,0.41,87.85,4.73
2025-01-08,-7.3,0.0,14.1,-16.28,0.02,98.8,2.05
2025-01-09,-4.6,0.0,17.7,-12.36,0.0,85.94,2.65
2025-01-10,-5.4,0.0,9.4,-12.52,0.0,90.47,1.46
2025-01-11,-4.9,0.0,15.2,-11.83,0.02,99.22,2.43
2025-01-12,-4.9,0.0,14.3,-13.03,0.02,99.38,2.3
2025-01-13,-6.2,0.0,9.5,-12.66,0.03,99.94,1.53
2025-01-14,-7.4,0.0,6.2,-12.47,0.03,98.18,0.97
2025-01-15,-4.2,0.0,13.5,-7.16,0.2,96.22,1.88
2025-01-16,-4.5,1.1,15.0,-8.01,0.15,92.41,2.09
2025-01-17,-1.3,0.2,14.7,-4.72,0.5,91.88,2.44
2025-01-18,-0.1,1.5,17.0,-4.11,0.47,96.04,2.95
2025-01-19,1.9,5.5,13.7,-1.09,2.52,97.9,3.74
2025-01-20,0.5,0.2,21.3,-1.52,0.26,94.29,3.53
2025-01-21,-1.5,0.9,35.4,-2.12,0.61,87.15,7.29
2025-01-22,-8.7,0.0,26.6,-12.4,0.02,87.66,3.96
2025-01-23,-12.6,0.0,22.8,-21.59,0.0,95.1,3.3
2025-01-24,-8.9,0.0,26.0,-16.64,0.0,85.45,4.61
2025-01-25,-7.4,0.0,12.9,-13.59,0.0,91.45,2.17
2025-01-26,-5.7,0.0,11.0,-10.75,0.04,95.04,2.03
2025-01-27,-3.8,0.0,11.1,-7.64,0.06,93.92,1.57
2025-01-28,-4.8,0.0,9.7,-11.61,0.02,97.1,1.57
2025-01-29,-1.6,0.0,15.0,-3.76,0.02,89.96,3.45
2025-01-30,-1.1,0.0,11.3,-2.79,0.02,87.09,3.05
2025-01-31,-0.2,0.0,8.1,-2.22,0.04,85.05,2.68
2025-02-01,-0.3,0.0,8.3,-2.45,0.04,85.35,2.95
2025-02-02,-0.8,0.0,12.8,-2.91,0.03,87.79,3.61
2025-02-03,-2.9,0.0,13.9,-7.63,0.01,96.3,2.1
2025-02-04,-5.1,0.0,15.2,-11.84,0.02,98.87,3.05
2025-02-05,-3.5,0.0,14.9,-11.48,0.04,98.95,2.96
2025-02-06,-5.2,0.0,26.6,-10.98,0.01,96.38,4.6
2025-02-07,-9.9,0.0,28.3,-14.4,0.02,94.74,5.49
2025-02-08,-10.6,0.0,20.9,-14.47,0.04,92.22,3.54
2025-02-09,-8.0,0.6,13.8,-11.9,0.26,94.25,2.68
2025-02-10,-4.7,0.0,15.2,-9.35,0.35,96.52,3.01
2025-02-11,-3.5,0.0,13.2,-9.92,0.13,93.82,2.83
2025-02-12,-2.1,0.3,11.9,-7.63,0.32,97.97,2.2
2025-02-13,-2.8,0.0,14.5,-8.79,0.19,94.36,1.91
2025-02-14,-4.5,0.0,8.9,-8.99,0.05,91.09,0.8
2025-02-15,-2.5,0.0,9.6,-8.11,0.06,91.01,1.54
2025-02-16,-1.0,0.0,18.0,-4.64,0.01,85.35,4.56
2025-02-17,0.2,0.0,16.6,-6.4,0.01,94.51,3.24
2025-02-18,0.1,0.0,13.7,-3.24,0.01,94.03,2.84
2025-02-19,-0.2,0.0,18.2,-3.05,0.05,94.38,4.29
2025-02-20,-0.0,0.0,15.9,-2.7,0.03,94.35,4.13
2025-02-21,2.5,0.0,21.5,-0.62,0.03,92.67,4.96
2025-02-22,-2.3,3.7,18.4,-2.09,2.51,89.85,4.81
2025-02-23,-6.3,3.6,13.2,-9.74,3.51,93.25,1.55
2025-02-24,-5.4,1.9,14.9,-5.09,0.43,79.97,2.62
2025-02-25,-4.8,0.3,13.9,-3.79,2.33,81.45,3.05
2025-02-26,-1.7,1.2,21.3,-5.09,0.83,87.8,6.13
2025-02-27,-7.0,0.2,13.4,-3.75,0.46,75.88,3.2
2025-02-28,-6.0,3.1,16.1,-6.04,1.84,87.52,3.58
2025-03-01,-9.4,0.2,9.4,-10.98,0.77,86.99,1.94
2025-03-02,-9.8,1.3,16.2,-10.61,0.33,93.15,2.8
2025-03-03,-9.9,1.6,16.0,-9.73,0.29,94.34,2.08
2025-03-04,-9.0,0.0,12.9,-11.47,0.0,91.52,2.45
2025-03-05,-3.5,0.8,23.4,-5.16,0.22,88.5,4.68
2025-03-06,1.6,5.3,29.8,1.02,2.27,85.9,9.37
2025-03-07,3.3,0.4,33.0,1.73,1.06,87.48,9.56
2025-03-08,4.6,0.0,22.8,2.99,0.32,88.92,7.13
2025-03-09,1.8,0.0,12.6,0.72,0.01,81.09,4.38
2025-03-10,2.4,0.0,6.7,1.58,0.0,72.17,2.82
2025-03-11,3.2,0.0,12.4,2.33,0.0,68.34,3.15
2025-03-12,4.2,0.0,14.1,3.32,0.0,79.38,4.84
2025-03-13,6.1,0.0,7.8,4.74,0.0,80.12,2.71
2025-03-14,8.9,0.0,8.0,6.22,0.0,74.45,1.8
2025-03-15,12.9,0.0,11.1,6.77,0.0,71.37,2.5
2025-03-16,14.0,0.0,11.6,9.82,0.0,65.24,3.14
2025-03-17,17.7,0.0,18.3,11.22,0.0,64.95,3.12
2025-03-18,19.7,0.0,22.4,11.03,0.0,73.0,6.02
2025-03-19,20.4,0.0,18.7,12.25,0.0,76.91,4.98
2025-03-20,13.3,0.1,21.3,11.92,0.13,82.75,5.54
2025-03-21,8.0,0.0,19.9,7.48,0.27,67.46,7.47
2025-03-22,9.2,0.9,22.0,8.97,0.12,59.82,6.5
2025-03-23,8.5,9.7,24.2,8.52,1.49,61.89,8.73
2025-03-24,5.8,2.1,17.5,6.57,3.07,66.74,7.09
2025-03-25,5.5,0.0,22.4,6.29,0.18,57.94,8.21
2025-03-26,3.6,0.3,16.7,5.53,6.75,61.77,7.3
2025-03-27,6.0,0.0,8.1,5.41,2.58,63.91,3.07
2025-03-28,7.4,0.0,9.2,6.64,0.0,63.22,2.3
2025-03-29,13.5,0.0,16.2,9.37,0.0,75.9,4.29
2025-03-30,15.4,0.0,22.1,11.14,0.0,76.57,5.24
2025-03-31,15.0,0.0,23.5,11.78,0.0,70.85,7.04
2025-04-01,16.5,0.0,22.9,12.42,0.0,75.0,6.8
2025-04-02,17.9,0.0,15.5,13.39,0.0,76.37,4.12
2025-04-03,18.5,0.8,18.9,14.43,0.06,79.41,2.9
2025-04-04,15.5,0.2,22.0,13.81,0.01,77.04,7.39
2025-04-05,17.0,0.0,11.0,14.15,0.0,73.43,3.62
2025-04-06,17.0,5.1,27.8,15.45,2.0,83.83,7.71
2025-04-07,15.9,0.0,26.1,15.35,0.0,71.07,10.16
2025-04-08,19.9,0.2,23.1,15.67,0.0,74.66,6.41
2025-04-09,22.6,1.5,22.7,17.84,0.01,79.15,5.63
2025-04-10,23.2,0.2,25.3,18.25,0.11,78.88,4.87
2025-04-11,15.6,3.0,20.6,14.53,0.66,83.19,6.99
2025-04-12,11.9,1.0,18.1,10.45,1.2,66.52,5.17
2025-04-13,12.7,0.2,11.8,13.84,1.77,64.09,2.58
2025-04-14,14.6,0.0,11.6,15.99,0.0,56.03,1.58
2025-04-15,14.2,0.0,24.0,14.96,0.0,54.15,6.77
2025-04-16,13.5,0.0,25.3,12.6,0.0,60.17,8.93
2025-04-17,16.0,0.0,21.5,14.45,0.0,53.8,5.41
2025-04-18,16.5,0.0,12.2,15.82,0.0,50.0,3.07
2025-04-19,19.0,0.0,12.6,16.83,0.0,57.24,3.78
2025-04-20,19.8,0.0,10.6,18.11,0.0,57.76,2.93
2025-04-21,21.4,0.0,14.2,19.41,0.0,62.84,3.23
2025-04-22,22.0,0.0,11.7,20.38,0.0,65.16,3.74
2025-04-23,23.2,0.0,13.1,21.01,0.01,69.85,4.16
2025-04-24,25.0,0.0,22.8,21.74,0.27,66.09,4.51
2025-04-25,26.3,0.1,17.9,22.14,0.0,65.14,4.77
2025-04-26,26.5,0.0,23.5,23.77,0.02,62.53,5.02
2025-04-27,25.3,0.1,16.6,22.93,0.0,69.44,4.54
2025-04-28,15.9,0.0,29.4,17.58,0.0,58.48,9.85
2025-04-29,11.3,0.0,17.8,11.95,0.0,44.27,6.88
2025-04-30,13.6,0.0,16.1,13.32,0.0,45.19,4.98
2025-05-01,16.6,0.0,11.1,16.18,0.0,43.06,2.05
2025-05-02,20.1,0.0,21.7,17.2,0.0,52.31,6.02
2025-05-03,25.9,0.0,22.7,20.56,0.0,67.47,6.46
2025-05-04,22.8,0.0,18.9,20.46,0.0,61.72,4.4
2025-05-05,24.5,0.0,23.4,20.91,0.0,56.4,7.27
2025-05-06,27.9,0.1,18.3,21.99,0.24,71.08,5.9
2025-05-07,24.3,0.5,14.7,21.97,0.98,77.51,5.68
2025-05-08,21.3,0.0,20.1,21.05,3.62,68.42,5.08
2025-05-09,22.3,0.4,18.4,21.88,0.74,61.65,5.94
2025-05-10,23.8,0.0,12.3,22.48,0.0,56.71,2.94
2025-05-11,29.0,0.0,19.9,24.69,0.0,59.66,6.38
2025-05-12,30.7,0.0,24.0,26.23,0.0,62.4,8.5
2025-05-13,32.6,0.0,19.0,26.45,0.07,61.79,5.4
2025-05-14,32.8,0.0,20.9,26.74,0.0,66.54,5.54
2025-05-15,30.0,0.2,17.5,25.9,0.34,65.47,4.21
2025-05-16,27.2,0.4,20.9,25.44,1.26,65.82,6.94
2025-05-17,19.1,3.7,18.4,21.81,0.81,66.74,7.3
2025-05-18,21.4,0.0,10.8,20.9,0.0,47.44,3.63
2025-05-19,25.6,0.0,18.2,22.41,0.0,47.2,5.63
2025-05-20,23.9,0.0,17.4,23.07,0.0,55.0,5.38
2025-05-21,25.5,0.0,21.5,23.95,0.0,51.24,6.49
2025-05-22,21.9,0.0,28.7,21.13,1.11,55.97,8.7
2025-05-23,23.3,0.0,19.8,21.7,0.0,54.7,5.4
2025-05-24,25.0,0.0,11.2,23.77,0.0,51.01,3.06
2025-05-25,22.7,0.0,21.1,22.22,0.0,51.51,5.94
2025-05-26,17.4,0.0,23.5,17.72,0.0,53.14,7.63
2025-05-27,22.4,0.0,30.4,20.58,0.0,50.25,8.81
2025-05-28,24.8,0.0,25.6,22.91,0.0,61.19,7.1
2025-05-29,27.6,0.0,24.1,24.05,0.0,58.16,6.8
2025-05-30,28.0,0.0,26.3,24.97,0.0,59.59,7.69
2025-05-31,29.1,0.0,16.7,25.92,0.0,58.05,4.33
2025-06-01,29.9,0.0,14.9,26.5,0.0,57.87,4.71
2025-06-02,32.4,0.0,18.6,28.03,0.0,58.46,4.63
2025-06-03,31.2,0.0,25.4,28.91,0.01,61.16,5.01
2025-06-04,26.9,0.2,24.1,26.39,2.47,50.85,6.01
2025-06-05,26.4,1.4,19.0,24.4,0.5,55.27,6.87
2025-06-06,27.4,0.0,24.4,24.74,0.65,63.13,5.07
2025-06-07,26.2,0.0,21.9,24.87,0.13,54.57,6.16
2025-06-08,26.6,0.0,16.5,24.45,0.06,51.38,3.39
2025-06-09,22.3,1.9,11.2,21.89,5.03,65.68,4.19
2025-06-10,21.8,0.9,12.1,20.6,1.13,70.13,2.15
2025-06-11,26.2,0.0,11.8,23.44,0.01,56.33,2.5
2025-06-12,28.9,0.0,14.3,26.83,0.0,57.79,3.71
2025-06-13,31.2,0.0,11.9,28.37,0.0,51.95,4.22
2025-06-14,33.8,0.0,14.1,29.27,0.0,57.09,5.49
2025-06-15,34.9,0.0,11.7,30.57,0.0,51.91,5.33
2025-06-16,36.7,0.0,22.2,31.02,0.0,59.34,6.28
2025-06-17,31.1,0.2,26.6,29.71,0.26,51.98,5.11
2025-06-18,27.2,0.0,27.7,27.22,0.19,45.34,9.1
2025-06-19,25.3,0.1,29.1,25.38,0.09,49.04,9.16
2025-06-20,26.0,0.0,23.2,25.14,0.08,54.84,8.33
2025-06-21,28.5,0.0,15.4,26.17,0.0,57.5,3.59
2025-06-22,26.4,0.1,18.2,25.16,0.42,65.03,5.38
2025-06-23,24.2,0.3,13.6,23.47,0.01,45.85,3.75
2025-06-24,25.9,1.0,15.0,24.83,0.39,51.13,4.08
2025-06-25,21.8,0.9,19.5,21.95,1.99,60.21,6.14
2025-06-26,25.2,0.0,12.4,23.9,0.0,52.14,2.98
2025-06-27,28.3,0.0,20.3,27.13,0.04,47.05,5.21
2025-06-28,23.7,0.0,30.4,23.01,0.08,53.09,9.54
2025-06-29,24.8,0.0,17.3,23.67,0.0,43.11,5.39
2025-06-30,26.9,0.0,8.9,24.54,0.1,40.48,2.86
2025-07-01,30.8,0.2,14.2,26.2,0.02,52.62,4.99
2025-07-02,33.4,0.0,18.6,27.33,0.0,68.78,4.76
2025-07-03,32.0,0.0,24.3,29.04,0.0,61.52,5.06
2025-07-04,29.8,0.0,18.8,28.66,0.0,44.06,6.48
2025-07-05,29.9,0.0,14.6,27.91,0.0,44.98,3.82
2025-07-06,30.9,0.0,13.9,29.87,0.01,42.5,2.2
2025-07-07,31.1,0.0,15.7,29.97,0.0,46.38,4.38
2025-07-08,30.3,0.0,21.6,28.58,0.0,45.49,6.09
2025-07-09,26.8,0.0,17.5,27.07,0.0,39.83,5.28
2025-07-10,28.6,0.0,12.7,27.34,0.0,38.66,2.14
2025-07-11,31.5,0.0,9.9,29.6,0.0,39.52,2.75
2025-07-12,33.2,0.0,12.9,31.25,0.0,42.9,2.41
2025-07-13,32.7,0.0,12.0,32.4,0.0,38.31,2.09
2025-07-14,30.9,0.0,15.3,30.89,0.0,28.7,3.36
2025-07-15,31.4,0.0,16.8,31.28,0.0,33.14,3.42
2025-07-16,32.8,0.0,13.5,31.31,0.0,41.27,3.44
2025-07-17,35.6,0.0,13.2,33.47,0.0,50.14,3.15
2025-07-18,35.3,0.0,21.5,33.74,0.0,50.28,4.27
2025-07-19,32.8,0.0,18.5,31.61,0.0,45.46,4.88
2025-07-20,28.6,0.0,24.3,28.4,0.0,43.3,7.58
2025-07-21,29.6,0.0,19.7,28.31,0.0,36.1,5.45
2025-07-22,31.4,0.0,14.1,29.15,0.0,50.7,3.95
2025-07-23,33.7,0.0,15.1,31.32,0.0,40.73,2.59
2025-07-24,32.2,0.0,15.7,31.32,0.0,45.78,4.81
2025-07-25,30.4,0.0,23.4,30.69,0.13,46.2,6.03
2025-07-26,28.7,0.0,26.1,28.66,0.0,49.45,8.62
2025-07-27,24.7,0.0,19.1,26.43,0.0,40.06,6.58
2025-07-28,24.9,0.0,19.3,24.82,0.0,40.02,5.58
2025-07-29,26.0,0.0,18.8,25.65,0.0,49.29,6.12
2025-07-30,27.6,0.1,14.0,26.69,0.0,52.7,3.07
2025-07-31,27.9,0.0,20.8,27.52,0.1,50.89,5.5
2025-08-01,26.4,0.0,15.0,24.56,0.02,54.68,4.19
2025-08-02,29.1,0.0,15.0,27.56,0.0,47.39,2.82
2025-08-03,29.5,0.0,15.7,27.96,0.0,47.74,3.3
2025-08-04,27.2,0.0,22.8,27.15,0.0,46.03,7.16
2025-08-05,26.2,0.0,17.4,25.9,0.0,42.95,7.12
2025-08-06,28.1,0.0,10.0,26.72,0.0,48.31,2.63
2025-08-07,31.4,0.0,13.1,28.32,0.0,46.65,3.5
2025-08-08,32.2,0.0,16.5,29.54,0.0,56.43,3.41
2025-08-09,32.5,0.0,13.5,30.24,0.0,53.08,3.4
2025-08-10,31.1,0.0,10.4,29.26,0.0,52.96,1.91
2025-08-11,24.8,10.6,15.8,28.2,0.2,45.89,4.21
2025-08-12,26.7,0.0,10.7,28.21,0.0,37.37,4.03
2025-08-13,26.4,0.0,27.0,27.86,0.01,43.63,7.85
2025-08-14,24.5,0.1,28.7,24.37,0.16,53.27,9.54
2025-08-15,24.7,2.1,21.8,24.66,0.0,51.08,6.82
2025-08-16,21.9,0.0,21.3,23.86,0.19,48.38,7.53
2025-08-17,23.8,0.0,15.1,24.3,0.0,53.17,4.73
2025-08-18,25.3,0.0,7.5,24.79,0.0,50.67,2.75
2025-08-19,28.2,0.0,17.6,25.44,0.0,52.02,5.34
2025-08-20,27.1,0.0,18.4,26.52,0.0,54.06,5.56
2025-08-21,26.7,0.0,13.8,25.16,0.0,48.82,3.87
2025-08-22,24.7,0.0,30.1,25.28,0.0,54.04,8.35
2025-08-23,25.1,0.0,18.6,24.15,0.0,51.62,5.35
2025-08-24,26.6,0.0,13.7,24.61,0.0,57.99,4.09
2025-08-25,27.8,0.0,12.6,26.01,0.0,47.54,2.57
2025-08-26,29.1,0.0,13.3,26.95,0.0,59.55,3.66
2025-08-27,29.3,0.0,12.6,27.55,0.0,58.45,3.01
2025-08-28,29.7,0.0,12.0,28.0,0.0,58.61,2.71
2025-08-29,26.5,0.0,21.6,26.85,0.0,50.55,6.49
2025-08-30,24.3,0.0,13.4,25.69,0.0,36.0,3.81
2025-08-31,23.1,0.0,10.7,24.21,0.0,44.25,3.72
2025-09-01,25.0,0.0,8.3,24.46,0.0,42.83,2.08
2025-09-02,26.5,0.0,18.5,25.68,0.0,55.76,5.54
2025-09-03,24.0,0.0,22.3,24.3,0.0,46.34,7.27
2025-09-04,22.7,0.0,12.2,24.06,0.0,47.53,4.57
2025-09-05,24.1,0.0,20.3,24.48,0.0,48.48,5.59
2025-09-06,21.4,0.0,20.1,21.98,0.44,56.71,6.21
2025-09-07,22.0,0.0,15.8,22.25,0.32,57.46,5.49
2025-09-08,20.4,0.0,12.4,21.56,0.0,60.09,3.91
2025-09-09,21.3,0.0,7.5,22.41,0.0,54.41,2.5
2025-09-10,21.9,0.0,17.4,22.64,0.0,54.23,4.61
2025-09-11,18.0,1.2,16.7,19.22,0.13,59.67,6.16
2025-09-12,20.1,0.0,24.7,19.29,1.46,59.69,7.02
2025-09-13,17.6,0.0,27.3,17.2,1.39,70.31,9.59
2025-09-14,18.3,0.0,17.3,17.31,0.21,61.76,4.87
2025-09-15,16.1,0.0,17.9,16.32,0.82,58.55,4.84
2025-09-16,15.9,0.0,9.0,16.71,0.0,48.94,3.82
2025-09-17,17.4,0.0,13.5,17.39,0.0,51.34,3.14
2025-09-18,18.0,0.0,17.2,17.25,0.0,61.39,4.66
2025-09-19,18.1,0.0,17.5,17.42,0.0,63.44,5.68
2025-09-20,19.4,2.2,26.5,18.21,1.36,70.73,7.95
2025-09-21,18.9,4.0,21.0,18.01,0.55,65.25,6.09
2025-09-22,20.1,0.0,22.0,18.02,0.0,63.77,6.67
2025-09-23,20.5,0.0,10.6,18.5,0.0,63.32,4.12
2025-09-24,20.9,0.0,10.5,18.79,0.0,64.82,2.68
2025-09-25,20.9,0.0,15.2,19.37,0.0,65.03,4.18
2025-09-26,21.8,0.0,11.8,20.44,0.0,58.51,3.51
2025-09-27,17.1,0.0,19.3,17.42,0.01,54.53,6.21
2025-09-28,15.0,0.0,14.1,16.28,0.37,47.43,3.46
2025-09-29,13.5,0.0,13.6,15.22,0.33,48.72,4.29
2025-09-30,11.4,0.0,13.9,14.5,0.01,49.9,4.02
2025-10-01,9.2,0.0,17.8,11.47,0.0,55.68,6.27
2025-10-02,9.4,0.0,7.8,12.75,0.0,36.55,2.36
2025-10-03,11.5,0.0,16.7,13.84,0.0,49.24,3.02
2025-10-04,11.7,0.0,20.6,13.01,0.0,53.71,7.37
2025-10-05,12.1,0.0,19.9,12.9,0.0,62.18,6.37
2025-10-06,11.9,0.0,19.0,12.49,0.0,59.95,6.37
2025-10-07,11.9,0.0,20.4,12.42,0.0,64.67,6.46
2025-10-08,10.6,0.0,18.8,12.3,0.0,65.85,6.7
2025-10-09,12.4,0.0,21.0,12.25,0.0,68.13,6.76
2025-10-10,13.4,0.0,23.0,12.37,0.0,68.99,7.29
2025-10-11,13.7,0.1,12.3,12.71,0.01,80.59,2.38
2025-10-12,15.3,0.0,12.3,14.49,0.0,75.71,3.6
2025-10-13,16.6,0.0,18.8,14.5,0.0,78.95,4.12
2025-10-14,16.3,0.0,23.3,14.55,0.01,71.3,7.15
2025-10-15,15.1,0.0,13.7,13.98,0.0,72.03,4.49
2025-10-16,12.6,0.0,7.5,14.05,0.0,64.99,1.97
2025-10-17,10.4,0.0,18.0,11.98,0.0,61.67,6.37
2025-10-18,8.0,0.0,8.3,9.65,0.0,52.29,2.85
2025-10-19,7.8,0.0,10.3,9.61,0.0,58.13,3.77
2025-10-20,8.8,0.0,18.8,10.56,0.0,58.84,6.51
2025-10-21,9.8,0.0,18.7,10.64,0.0,65.98,6.26
2025-10-22,10.6,2.4,12.3,10.81,0.28,84.98,4.45
2025-10-23,13.4,0.0,18.2,11.48,0.0,84.51,4.77
2025-10-24,12.4,0.0,12.1,11.9,0.0,78.87,4.03
2025-10-25,11.7,0.0,10.0,11.41,0.0,76.19,2.58
2025-10-26,12.6,0.0,20.4,11.49,0.08,80.02,5.3
2025-10-27,13.7,2.4,27.2,11.11,2.35,82.79,8.14
2025-10-28,10.6,0.0,16.9,10.4,0.28,75.71,5.76
2025-10-29,12.5,0.0,16.3,11.04,0.0,78.83,4.31
2025-10-30,13.6,0.1,20.9,11.62,0.32,84.26,5.72
2025-10-31,9.1,1.7,20.0,9.31,0.35,79.31,7.54
2025-11-01,9.9,0.0,15.7,9.34,0.03,83.8,4.39
2025-11-02,9.6,0.1,27.1,9.25,0.38,75.76,8.28
2025-11-03,6.1,1.1,21.7,6.48,0.26,76.05,7.96
2025-11-04,-0.5,0.0,14.6,2.18,0.0,62.97,5.72
2025-11-05,-2.9,0.0,14.6,0.19,0.0,60.18,5.48
2025-11-06,-1.6,0.0,11.1,2.36,0.0,55.96,4.49
2025-11-07,0.3,0.0,8.0,3.96,0.0,66.23,3.18
2025-11-08,2.1,0.0,9.7,4.09,0.0,65.73,3.13
2025-11-09,7.0,0.0,14.0,5.28,0.05,72.35,4.55
2025-11-10,6.2,0.0,8.7,2.68,0.04,94.59,2.81
2025-11-11,8.6,0.0,17.0,5.85,0.03,87.53,4.43
2025-11-12,10.6,0.0,12.0,7.48,0.0,78.34,2.6
2025-11-13,9.8,0.0,17.2,6.77,0.0,78.29,3.74
2025-11-14,9.1,0.0,13.7,6.17,0.0,85.51,2.45
2025-11-15,8.1,0.0,5.0,6.56,0.0,77.18,1.14
2025-11-16,9.3,0.0,9.5,7.81,0.0,60.95,1.64
2025-11-17,7.0,0.0,9.8,6.8,0.0,78.18,1.76
2025-11-18,4.4,0.0,17.4,6.04,0.03,85.78,3.75
2025-11-19,3.5,0.0,9.2,4.82,0.0,88.18,3.18
2025-11-20,6.7,0.0,13.9,5.55,0.0,87.76,4.14
2025-11-21,6.1,0.0,9.4,5.83,0.0,88.55,2.38
2025-11-22,6.4,0.0,12.3,5.91,0.0,85.93,3.18
2025-11-23,5.7,0.0,8.9,5.37,0.0,94.07,2.54
2025-11-24,6.1,0.0,11.0,5.83,0.0,91.99,2.18
2025-11-25,7.5,0.0,14.9,6.16,0.0,87.28,4.48
2025-11-26,4.7,0.0,8.5,4.94,0.0,85.88,1.89
2025-11-27,3.5,0.0,18.3,3.87,0.0,93.43,5.49
2025-11-28,2.3,0.0,16.4,3.3,0.0,90.87,5.74
2025-11-29,1.7,0.0,13.2,2.54,0.04,91.33,3.99
2025-11-30,2.9,0.0,17.1,3.56,0.02,88.2,4.96
2025-12-01,2.7,0.0,15.1,3.31,0.0,91.12,4.32
2025-12-02,-0.5,0.0,14.1,2.05,0.0,84.23,4.74
2025-12-03,-1.9,0.0,14.8,1.06,0.0,83.67,4.43
2025-12-04,-2.3,0.0,13.9,1.16,0.0,79.72,3.73
2025-12-05,-1.1,0.0,4.0,-0.98,0.06,78.0,1.46
2025-12-06,-2.7,0.0,6.9,-2.27,0.11,81.19,1.71
2025-12-07,-4.0,4.8,7.2,-2.24,1.73,79.09,1.97
2025-12-08,-2.5,0.0,8.7,-2.33,0.12,77.57,2.11
2025-12-09,-3.2,0.0,21.5,-4.78,0.01,89.39,4.39
2025-12-10,-8.9,0.0,31.1,-12.97,0.0,85.56,5.57
2025-12-11,-5.9,4.2,15.9,-8.63,3.18,90.47,4.08
2025-12-12,-5.0,0.0,15.6,-7.03,0.03,86.72,2.45
2025-12-13,-2.4,3.0,18.8,-7.8,3.03,96.68,3.34
2025-12-14,-3.0,0.6,40.4,-4.17,3.73,81.13,7.26
2025-12-15,-3.0,0.2,25.7,-7.26,0.19,88.0,4.61
2025-12-16,-6.9,0.0,13.0,-8.96,0.02,92.54,1.8
2025-12-17,-10.2,0.0,11.5,-15.06,0.01,95.73,1.45
2025-12-18,-7.7,0.0,11.4,-12.58,0.01,94.99,2.01
2025-12-19,-1.1,0.5,21.0,-7.55,0.16,84.91,4.03
2025-12-20,-0.3,1.5,15.9,-2.99,0.38,95.46,2.99
2025-12-21,-8.9,0.0,16.6,-10.44,0.05,93.72,3.15
2025-12-22,-8.5,0.0,11.0,-14.53,0.06,98.64,1.6
2025-12-23,-1.8,0.0,10.3,-7.63,0.05,97.18,1.58
2025-12-24,0.5,0.0,5.4,-3.16,0.14,95.55,1.17
2025-12-25,-4.2,1.0,17.2,-5.27,1.73,96.34,2.27
2025-12-26,-13.8,0.0,9.4,-20.65,0.45,93.1,1.75
2025-12-27,-6.8,0.3,15.3,-20.98,0.27,99.04,1.9
2025-12-28,-1.2,0.0,14.1,-5.15,0.64,99.2,3.38
2025-12-29,-0.3,5.3,12.3,-3.58,0.95,98.74,2.44
2025-12-30,-2.8,2.1,12.1,-10.48,0.8,98.81,1.98
2025-12-31,-4.4,0.0,19.0,-11.45,0.23,97.7,3.13
